type,id,time_100avg,cost_100avg,fails_100total
dense,10,0.6274443304399029,-223.0,0.0
sparse,10,1.3794870564401207,-98.0,0.0
