type,id,time_1avg,cost_1avg,fails_1total
dense,1,0.0007853569986764342,103.0,0.0
sparse,1,0.0007841470069251955,4.0,0.0
