type,time_1avg,cost_1avg,fails_1total
dense,0.28067809253261655,396.73333333333335,0.0
sparse,0.09050886099915563,72.5,0.0
