type,time_100avg,cost_100avg,fails_100total
dense,0.23102111667434658,-1132.9,0.0
sparse,0.29820686974669414,-237.96666666666667,0.0
