type,id,time_100avg,cost_100avg,fails_100total
dense,1,0.029864510030383828,-1817.0,0.0
sparse,1,0.03707425656983105,-425.0,0.0
