type,id,time_1avg,cost_1avg,fails_1total
dense,10,23.232262731995434,426.0,0.0
sparse,10,5.024078567003016,75.0,0.0
