type,time_1avg,cost_1avg,fails_1total
dense,5.304931384033504,-931.4,0.0
sparse,1.0722319157008315,-378.3,0.0
