type,id,time_100avg,cost_100avg,fails_100total
dense,10,0.10745932399999901,177.12,0.99
sparse,10,0.10798440199999276,575.2608695652174,1.0
