type,id,time_100avg,cost_100avg,fails_100total,visited,repeated,explored
dense,1,0.13412241100000002,-82.73195876288659,0.0,16.08,1935.23,19.66
sparse,1,0.13302404499999965,0.0,0.0,16.33,1937.2,20.03
