type,id,time_100avg,cost_100avg,fails_100total
dense,10,0.12024095599999976,295.3478260869565,1.0
sparse,10,0.10847305299999789,555.08,1.0
