type,time_100avg,cost_100avg,fails_100total
dense,0.09451432750000015,-45.83508556624708,0.27899999999999997
sparse,0.09474119326666554,100.32812716666263,0.2776666666666667
