type,id,time_100avg,cost_100avg,fails_100total
dense,1,0.09440596100000903,-131.36363636363637,0.0
sparse,1,0.09468025500000522,0.0,0.0
