type,id,time_100avg,cost_100avg,fails_100total
dense,1,0.08434805100000002,-277.375,0.0
sparse,1,0.08351760299999739,0.0,0.0
