type,time_100avg,cost_100avg,fails_100total,visited,repeated,explored
dense,0.24323300683333307,88.98061540829563,0.13499999999999995,46.11133333333333,2953.8886666666667,56.51333333333334
sparse,0.2283172982333368,249.2593792145859,0.13433333333333333,45.90233333333334,2954.0976666666666,56.256999999999984
