type,time_100avg,cost_100avg,fails_100total
dense,0.0990520694666662,-16.597652366620334,0.13533333333333333
sparse,0.09283826316666649,152.5702467548792,0.13366666666666663
