type,id,time_100avg,cost_100avg,fails_100total
dense,1,0.08255333499999949,-204.0681818181818,0.0
sparse,1,0.08154386700000033,0.0,0.0
