type,id,time_100avg,cost_100avg,fails_100total
dense,10,0.11598879299999992,101.85714285714286,1.0
sparse,10,0.11643403199999909,198.45945945945945,1.0
