type,time_100avg,cost_100avg,fails_100total
dense,0.10318383316666786,32.527663474151964,0.08533333333333327
sparse,0.10371655360000286,364.72739718439624,0.07966666666666664
