type,id,time_100avg,cost_100avg,fails_100total,visited,repeated,explored
dense,10,0.30171248199999356,501.1585365853659,1.0,65.65,2983.58,78.67
sparse,10,0.27383254000000307,695.6455696202531,1.0,64.08,2983.29,76.89
