type,id,time_1avg,cost_1avg,fails_1total,visited,repeated,explored
dense,1,0.0023493879998568445,-5.0,0.0,27.0,0.0,35.0
sparse,1,0.002422303001367254,-5.0,0.0,27.0,0.0,35.0
