type,id,time_1avg,cost_1avg,fails_1total
dense,10,0.018337049004912842,270.0,0.0
sparse,10,0.018141704000299796,91.0,0.0
