type,id,time_1avg,cost_1avg,fails_1total,visited,repeated,explored
dense,10,0.038104352000118524,270.0,0.0,286.0,0.0,289.0
sparse,10,0.031117583000195737,91.0,0.0,286.0,0.0,289.0
