type,time_1avg,cost_1avg,fails_1total
dense,0.01044171066666119,-10.133333333333333,0.0
sparse,0.010414826366832131,-10.133333333333333,0.0
