type,time_1avg,cost_1avg,fails_1total,visited,repeated,explored
dense,0.018008683733357126,132.2,0.0,156.4,0.0,169.3
sparse,0.0172580683999513,26.533333333333335,0.0,156.4,0.0,169.3
