type,time_1avg,cost_1avg,fails_1total
dense,0.01915974123257911,132.2,0.0
sparse,0.017156045833447327,26.533333333333335,0.0
