type,time_1avg,cost_1avg,fails_1total
dense,0.014406857032251233,132.2,0.0
sparse,0.014422122132964432,26.533333333333335,0.0
