type,time_1avg,cost_1avg,fails_1total,visited,repeated,explored
dense,0.014596385199971943,132.2,0.0,156.4,0.0,176.7
sparse,0.013857621133441474,26.533333333333335,0.0,156.4,0.0,176.7
