type,id,time_1avg,cost_1avg,fails_1total
dense,1,0.001819288998376578,-5.0,0.0
sparse,1,0.0017229790028068237,-5.0,0.0
