type,id,time_1avg,cost_1avg,fails_1total
dense,1,0.0019551309997041244,-23.0,0.0
sparse,1,0.001701887002127478,-23.0,0.0
