type,id,time_1avg,cost_1avg,fails_1total,visited,repeated,explored
dense,1,0.0017437000000199987,-5.0,0.0,27.0,0.0,35.0
sparse,1,0.001385199999958786,-5.0,0.0,27.0,0.0,35.0
