type,id,time_1avg,cost_1avg,fails_1total,visited,repeated,explored
dense,10,0.02598721300091711,270.0,0.0,286.0,0.0,301.0
sparse,10,0.025090241999350837,91.0,0.0,286.0,0.0,301.0
