type,id,time_1avg,cost_1avg,fails_1total
dense,10,0.018805542000336573,3.0,0.0
sparse,10,0.018161398998927325,3.0,0.0
