type,time_1avg,cost_1avg,fails_1total
dense,0.010387730400058597,132.2,0.0
sparse,0.010214801700446212,26.533333333333335,0.0
