type,time_1avg,cost_1avg,fails_1total
dense,0.004212848199434423,596.2,0.0
sparse,0.00381918376563893,95.53333333333333,0.0
