type,id,time_100avg,cost_100avg,fails_100total
dense,10,0.004257562929487904,27.0,0.0
sparse,10,0.004201126550105983,27.0,0.0
