type,id,time_100avg,cost_100avg,fails_100total
dense,1,0.0004024371798732318,-1.0,0.0
sparse,1,0.0004833157801476773,-1.0,0.0
