type,id,time_100avg,cost_100avg,fails_100total
dense,10,0.02521861859029741,405.0,0.0
sparse,10,0.02532156310000573,95.0,0.0
