type,id,time_100avg,cost_100avg,fails_100total
dense,1,0.0011905965598270995,-5.0,0.0
sparse,1,0.0012189983000280335,-19.0,0.0
