type,time_100avg,cost_100avg,fails_100total
dense,0.004547724041976228,131.9,0.0
sparse,0.004536573598260777,20.566666666666666,0.0
