type,time_100avg,cost_100avg,fails_100total
dense,0.0016331417480444847,13.966666666666667,0.0
sparse,0.0015823655426866025,13.966666666666667,0.0
