type,id,time_100avg,cost_100avg,fails_100total,visited,repeated,explored
dense,1,0.15748612700000023,76.4625,0.09,196.64,2768.94,210.14
sparse,1,0.15847586600000796,754.7894736842105,0.12,183.75,2786.86,198.74
