type,id,time_100avg,cost_100avg,fails_100total,visited,repeated,explored
dense,10,0.18118670299999395,484.1923076923077,0.67,232.77,2804.0,261.23
sparse,10,0.1794873660000087,1255.8507462686566,0.69,217.76,2815.48,247.73
