type,id,time_100avg,cost_100avg,fails_100total
dense,10,0.06985026099999914,48.310344827586206,0.75
sparse,10,0.07485893399999952,676.5142857142857,0.69
