type,time_100avg,cost_100avg,fails_100total,visited,repeated,explored
dense,0.1646206858666668,259.2404851209794,0.3329999999999999,211.26866666666666,2788.7313333333336,226.38066666666663
sparse,0.1691263989333348,1029.1689512482922,0.3650000000000001,195.84300000000002,2804.1570000000006,212.4666666666667
