type,time_100avg,cost_100avg,fails_100total
dense,0.06492027786666667,-117.89152309739174,0.4646666666666668
sparse,0.0676981853333328,517.253551188852,0.49466666666666664
