type,id,time_100avg,cost_100avg,fails_100total
dense,1,0.06006641299999997,-278.42857142857144,0.15
sparse,1,0.06006484900000004,346.58620689655174,0.2
