type,time_1avg,score_1avg,fails_1total,visited,repeated,explored
dense,0.01729168153348534,132.2,0.0,156.4,0.0,176.7
sparse,0.017578453868433524,26.533333333333335,0.0,156.4,0.0,176.7
