type,id,time_100avg,cost_100avg,fails_100total,visited,repeated,explored
dense,10,0.2472271690000025,685.4444444444445,1.0,57.17,2990.57,71.79
sparse,10,0.2418714030000001,905.0,1.0,56.74,2989.93,71.4
