type,time_100avg,cost_100avg,fails_100total,visited,repeated,explored
dense,0.13220104990000045,271.9104375499338,0.29866666666666664,35.259,1964.7410000000002,44.03566666666666
sparse,0.13381994506666622,400.78771677914887,0.30700000000000005,34.86033333333334,1965.1396666666672,43.56766666666667
