type,id,time_100avg,cost_100avg,fails_100total,visited,repeated,explored
dense,1,0.11603172499999573,-40.0,0.0,9.36,1944.18,11.58
sparse,1,0.11631462600002351,0.0,0.0,9.73,1942.34,12.03
