type,id,time_1avg,cost_1avg,fails_1total
dense,1,0.0363937319998513,-3.0,0.0
sparse,1,0.03794099299557274,-627.0,0.0
