type,id,time_1avg,cost_1avg,fails_1total
dense,10,12.242597190997913,1800.0,0.0
sparse,10,43.72805512600462,234.0,0.0
