type,time_1avg,cost_1avg,fails_1total
dense,2.2711534939337676,1235.8,0.0
sparse,10.010158983900086,-87.76666666666667,0.0
