type,id,time_100avg,cost_100avg,fails_100total,visited,repeated,explored
dense,1,0.15124748099999918,-448.05263157894734,0.1,193.37,2771.12,215.0
sparse,1,0.15233851300000537,-1377.1666666666667,0.15,185.3,2785.7,206.26
