type,time_1avg,cost_1avg,fails_1total
dense,0.24067878866771936,335.0,0.0
sparse,0.09698572833294747,48.46666666666667,0.0
