type,id,time_100avg,cost_100avg,fails_100total
dense,10,0.09745349699999978,148.06382978723406,1.0
sparse,10,0.09726051800000221,776.0,0.99
