type,time_100avg,cost_100avg,fails_100total
dense,0.09291687650000006,22.491249105429823,0.08499999999999996
sparse,0.09290162756666599,386.0005486316778,0.07999999999999997
