type,id,time_100avg,cost_100avg,fails_100total
dense,1,0.08433368499999971,-137.0,0.0
sparse,1,0.08431143699999666,183.0,0.0
