type,id,time_100avg,cost_100avg,fails_100total,visited,repeated,explored
dense,1,0.20235256699999923,-561.8311688311688,0.0,16.9,2934.87,20.76
sparse,1,0.21195660399999725,-705.280487804878,0.0,15.96,2934.44,19.54
